division,active_users,avg_sessions,task_success_rate,total_tokens
Engineering,75,3.015668202764977,0.7030867970660146,3292757
Finance,92,2.974228981833545,0.6980113636363636,3534521
HR,93,2.98371335504886,0.7044213973799127,3712203
Marketing,83,3.013359722909451,0.6963875205254516,3020135
Operations,88,3.013141683778234,0.7065558130025896,3685960
Sales,68,3.0035371399696817,0.6958277254374159,2967913
